id,libelle,description,dateDebut,dateFin,dureValidite,cost,budgetUsed,nbrPage,countContact,deactivatedByGroup,hash,meOnly,lastUpdateStatusAt,createdAt,updatedAt,status_id,campaign_type_permission_id,dureValidité,groupe_id,campaign_type,numero_semaine,annee,mois,event
1,Notif groupe 1 2023-01-01,saison - groupe 1,2023-01-01 08:00:00+00:00,2023-01-03 02:00:00+00:00,48.0,1732,1443,2,433,False,23a488f603b8dfd3,False,2023-01-01T10:00:00+01:00,2022-12-31T08:00:00+01:00,2023-01-01T10:00:00+01:00,4,2,,1,NOTIF,52,2023,1,normal
2,Promo groupe 1 2023-01-15,normal - groupe 1,2023-01-15 08:00:00+00:00,2023-01-17 02:00:00+00:00,48.0,732,519,1,244,False,132d14dabb1d3997,False,2023-01-15T10:00:00+01:00,2023-01-14T08:00:00+01:00,2023-01-15T10:00:00+01:00,4,1,,1,PROMO,2,2023,1,normal
3,Notif groupe 1 2023-01-29,normal - groupe 1,2023-01-29 08:00:00+00:00,2023-01-31 02:00:00+00:00,48.0,398,316,1,199,False,1e41327a90b0d9f5,False,2023-01-29T10:00:00+01:00,2023-01-28T08:00:00+01:00,2023-01-29T10:00:00+01:00,4,2,,1,NOTIF,4,2023,1,normal
4,Promo groupe 1 2023-02-12,normal - groupe 1,2023-02-12 08:00:00+00:00,2023-02-14 02:00:00+00:00,48.0,1112,811,2,278,False,ac2180dae32b1f78,False,2023-02-12T10:00:00+01:00,2023-02-11T08:00:00+01:00,2023-02-12T10:00:00+01:00,4,1,,1,PROMO,6,2023,2,normal
5,Notif groupe 1 2023-02-26,normal - groupe 1,2023-02-26 08:00:00+00:00,2023-02-28 02:00:00+00:00,48.0,392,327,1,98,False,db3440532a65cf5b,False,2023-02-26T10:00:00+01:00,2023-02-25T08:00:00+01:00,2023-02-26T10:00:00+01:00,4,2,,1,NOTIF,8,2023,2,normal
6,Promo groupe 1 2023-03-12,saison - groupe 1,2023-03-12 08:00:00+00:00,2023-03-14 02:00:00+00:00,48.0,2324,2001,3,581,False,68b1d081554b1dcf,False,2023-03-12T10:00:00+01:00,2023-03-11T08:00:00+01:00,2023-03-12T10:00:00+01:00,4,1,,1,PROMO,10,2023,3,normal
7,Notif groupe 1 2023-03-26,saison - groupe 1,2023-03-26 08:00:00+00:00,2023-03-28 02:00:00+00:00,48.0,2133,1732,2,711,False,67831483e9d1577a,False,2023-03-26T10:00:00+01:00,2023-03-25T08:00:00+01:00,2023-03-26T10:00:00+01:00,4,2,,1,NOTIF,12,2023,3,normal
8,Promo groupe 1 2023-04-09,saison - groupe 1,2023-04-09 08:00:00+00:00,2023-04-11 02:00:00+00:00,48.0,2912,2220,4,728,False,e8439d7e910bd170,False,2023-04-09T10:00:00+01:00,2023-04-08T08:00:00+01:00,2023-04-09T10:00:00+01:00,4,1,,1,PROMO,14,2023,4,normal
9,Notif groupe 1 2023-04-23,saison - groupe 1,2023-04-23 08:00:00+00:00,2023-04-25 02:00:00+00:00,48.0,1430,1163,3,715,False,6a26d4a7939b7612,False,2023-04-23T10:00:00+01:00,2023-04-22T08:00:00+01:00,2023-04-23T10:00:00+01:00,4,2,,1,NOTIF,16,2023,4,normal
10,Promo groupe 1 2023-05-07,normal - groupe 1,2023-05-07 08:00:00+00:00,2023-05-09 02:00:00+00:00,48.0,388,299,2,194,False,17c4d1f2d2b9cc73,False,2023-05-07T10:00:00+01:00,2023-05-06T08:00:00+01:00,2023-05-07T10:00:00+01:00,4,1,,1,PROMO,18,2023,5,normal
11,Notif groupe 1 2023-05-21,normal - groupe 1,2023-05-21 08:00:00+00:00,2023-05-23 02:00:00+00:00,48.0,834,767,3,278,False,6257b29dcbce0a37,False,2023-05-21T10:00:00+01:00,2023-05-20T08:00:00+01:00,2023-05-21T10:00:00+01:00,4,2,,1,NOTIF,20,2023,5,normal
12,Promo groupe 1 2023-06-04,normal - groupe 1,2023-06-04 08:00:00+00:00,2023-06-06 02:00:00+00:00,48.0,270,243,2,90,False,b55ed66dcfe84fe4,False,2023-06-04T10:00:00+01:00,2023-06-03T08:00:00+01:00,2023-06-04T10:00:00+01:00,4,1,,1,PROMO,22,2023,6,normal
13,Notif groupe 1 2023-06-18,saison - groupe 1,2023-06-18 08:00:00+00:00,2023-06-20 02:00:00+00:00,48.0,483,387,2,161,False,5b3e29fe57632a1f,False,2023-06-18T10:00:00+01:00,2023-06-17T08:00:00+01:00,2023-06-18T10:00:00+01:00,4,2,,1,NOTIF,24,2023,6,normal
14,Promo groupe 1 2023-07-02,normal - groupe 1,2023-07-02 08:00:00+00:00,2023-07-04 02:00:00+00:00,48.0,570,518,3,285,False,7a066e4968b8bd21,False,2023-07-02T10:00:00+01:00,2023-07-01T08:00:00+01:00,2023-07-02T10:00:00+01:00,4,1,,1,PROMO,26,2023,7,normal
15,Notif groupe 1 2023-07-16,normal - groupe 1,2023-07-16 08:00:00+00:00,2023-07-18 02:00:00+00:00,48.0,558,449,4,186,False,900ebff41d710a24,False,2023-07-16T10:00:00+01:00,2023-07-15T08:00:00+01:00,2023-07-16T10:00:00+01:00,4,2,,1,NOTIF,28,2023,7,normal
16,Promo groupe 1 2023-07-30,normal - groupe 1,2023-07-30 08:00:00+00:00,2023-08-01 02:00:00+00:00,48.0,1260,1024,4,315,False,850d39b153b1e635,False,2023-07-30T10:00:00+01:00,2023-07-29T08:00:00+01:00,2023-07-30T10:00:00+01:00,4,1,,1,PROMO,30,2023,7,normal
17,Notif groupe 1 2023-08-13,normal - groupe 1,2023-08-13 08:00:00+00:00,2023-08-15 02:00:00+00:00,48.0,951,746,4,317,False,4b5ac837b2da978c,False,2023-08-13T10:00:00+01:00,2023-08-12T08:00:00+01:00,2023-08-13T10:00:00+01:00,4,2,,1,NOTIF,32,2023,8,normal
18,Promo groupe 1 2023-08-27,normal - groupe 1,2023-08-27 08:00:00+00:00,2023-08-29 02:00:00+00:00,48.0,592,492,2,148,False,8446b44b5998e8e0,False,2023-08-27T10:00:00+01:00,2023-08-26T08:00:00+01:00,2023-08-27T10:00:00+01:00,4,1,,1,PROMO,34,2023,8,normal
19,Notif groupe 1 2023-09-10,saison - groupe 1,2023-09-10 08:00:00+00:00,2023-09-12 02:00:00+00:00,48.0,1068,798,2,267,False,0cc8fe7e7114cefa,False,2023-09-10T10:00:00+01:00,2023-09-09T08:00:00+01:00,2023-09-10T10:00:00+01:00,4,2,,1,NOTIF,36,2023,9,normal
20,Promo groupe 1 2023-09-24,normal - groupe 1,2023-09-24 08:00:00+00:00,2023-09-26 02:00:00+00:00,48.0,1188,1099,4,396,False,375eccf4839dcef0,False,2023-09-24T10:00:00+01:00,2023-09-23T08:00:00+01:00,2023-09-24T10:00:00+01:00,4,1,,1,PROMO,38,2023,9,normal
21,Notif groupe 1 2023-10-08,normal - groupe 1,2023-10-08 08:00:00+00:00,2023-10-10 02:00:00+00:00,48.0,1084,841,4,271,False,ca389ebabf7d7d1a,False,2023-10-08T10:00:00+01:00,2023-10-07T08:00:00+01:00,2023-10-08T10:00:00+01:00,4,2,,1,NOTIF,40,2023,10,normal
22,Promo groupe 1 2023-10-22,normal - groupe 1,2023-10-22 08:00:00+00:00,2023-10-24 02:00:00+00:00,48.0,456,331,4,152,False,249a415c6bd234e9,False,2023-10-22T10:00:00+01:00,2023-10-21T08:00:00+01:00,2023-10-22T10:00:00+01:00,4,1,,1,PROMO,42,2023,10,normal
23,Notif groupe 1 2023-11-05,normal - groupe 1,2023-11-05 08:00:00+00:00,2023-11-07 02:00:00+00:00,48.0,932,748,2,233,False,805e1e2047344cf6,False,2023-11-05T10:00:00+01:00,2023-11-04T08:00:00+01:00,2023-11-05T10:00:00+01:00,4,2,,1,NOTIF,44,2023,11,normal
24,Promo groupe 1 2023-11-19,normal - groupe 1,2023-11-19 08:00:00+00:00,2023-11-21 02:00:00+00:00,48.0,573,480,2,191,False,dfa8e2dd59807c42,False,2023-11-19T10:00:00+01:00,2023-11-18T08:00:00+01:00,2023-11-19T10:00:00+01:00,4,1,,1,PROMO,46,2023,11,normal
25,Notif groupe 1 2023-12-03,normal - groupe 1,2023-12-03 08:00:00+00:00,2023-12-05 02:00:00+00:00,48.0,1104,891,4,276,False,1e04ab4d2b61abdf,False,2023-12-03T10:00:00+01:00,2023-12-02T08:00:00+01:00,2023-12-03T10:00:00+01:00,4,2,,1,NOTIF,48,2023,12,normal
26,Promo groupe 1 2023-12-17,normal - groupe 1,2023-12-17 08:00:00+00:00,2023-12-19 02:00:00+00:00,48.0,368,276,2,92,False,7c234b4ed15bd33f,False,2023-12-17T10:00:00+01:00,2023-12-16T08:00:00+01:00,2023-12-17T10:00:00+01:00,4,1,,1,PROMO,50,2023,12,normal
27,Notif groupe 1 2023-12-31,saison - groupe 1,2023-12-31 08:00:00+00:00,2024-01-02 02:00:00+00:00,48.0,1664,1447,2,416,False,6b32848ea65b64f5,False,2023-12-31T10:00:00+01:00,2023-12-30T08:00:00+01:00,2023-12-31T10:00:00+01:00,4,2,,1,NOTIF,52,2023,12,normal
28,Promo groupe 1 2024-01-14,normal - groupe 1,2024-01-14 08:00:00+00:00,2024-01-16 02:00:00+00:00,48.0,1140,1020,2,285,False,ee73eead2e5b4ba8,False,2024-01-14T10:00:00+01:00,2024-01-13T08:00:00+01:00,2024-01-14T10:00:00+01:00,4,1,,1,PROMO,2,2024,1,normal
29,Notif groupe 1 2024-01-28,normal - groupe 1,2024-01-28 08:00:00+00:00,2024-01-30 02:00:00+00:00,48.0,471,366,2,157,False,0a0b12ae9f87a2b3,False,2024-01-28T10:00:00+01:00,2024-01-27T08:00:00+01:00,2024-01-28T10:00:00+01:00,4,2,,1,NOTIF,4,2024,1,normal
30,Promo groupe 1 2024-02-11,normal - groupe 1,2024-02-11 08:00:00+00:00,2024-02-13 02:00:00+00:00,48.0,438,341,1,146,False,1fd5fa65a244c409,False,2024-02-11T10:00:00+01:00,2024-02-10T08:00:00+01:00,2024-02-11T10:00:00+01:00,4,1,,1,PROMO,6,2024,2,normal
31,Notif groupe 1 2024-02-25,normal - groupe 1,2024-02-25 08:00:00+00:00,2024-02-27 02:00:00+00:00,48.0,258,186,1,129,False,bc59c084e5f346e8,False,2024-02-25T10:00:00+01:00,2024-02-24T08:00:00+01:00,2024-02-25T10:00:00+01:00,4,2,,1,NOTIF,8,2024,2,normal
32,Promo groupe 1 2024-03-10,saison - groupe 1,2024-03-10 08:00:00+00:00,2024-03-12 02:00:00+00:00,48.0,576,525,3,192,False,efbcbd97a69b1c0e,False,2024-03-10T10:00:00+01:00,2024-03-09T08:00:00+01:00,2024-03-10T10:00:00+01:00,4,1,,1,PROMO,10,2024,3,normal
33,Notif groupe 1 2024-03-24,saison - groupe 1,2024-03-24 08:00:00+00:00,2024-03-26 02:00:00+00:00,48.0,942,834,2,471,False,30cc1271272d605e,False,2024-03-24T10:00:00+01:00,2024-03-23T08:00:00+01:00,2024-03-24T10:00:00+01:00,4,2,,1,NOTIF,12,2024,3,normal
34,Promo groupe 1 2024-04-07,saison - groupe 1,2024-04-07 08:00:00+00:00,2024-04-09 02:00:00+00:00,48.0,1042,823,3,521,False,00613f1fa33cb875,False,2024-04-07T10:00:00+01:00,2024-04-06T08:00:00+01:00,2024-04-07T10:00:00+01:00,4,1,,1,PROMO,14,2024,4,normal
35,Notif groupe 1 2024-04-21,saison - groupe 1,2024-04-21 08:00:00+00:00,2024-04-23 02:00:00+00:00,48.0,2493,2041,2,831,False,229f169329a0faf2,False,2024-04-21T10:00:00+01:00,2024-04-20T08:00:00+01:00,2024-04-21T10:00:00+01:00,4,2,,1,NOTIF,16,2024,4,normal
36,Promo groupe 1 2024-05-05,normal - groupe 1,2024-05-05 08:00:00+00:00,2024-05-07 02:00:00+00:00,48.0,684,496,2,228,False,5b95b0590f2763e1,False,2024-05-05T10:00:00+01:00,2024-05-04T08:00:00+01:00,2024-05-05T10:00:00+01:00,4,1,,1,PROMO,18,2024,5,normal
37,Notif groupe 1 2024-05-19,normal - groupe 1,2024-05-19 08:00:00+00:00,2024-05-21 02:00:00+00:00,48.0,314,252,4,157,False,5b5c84ef322310a3,False,2024-05-19T10:00:00+01:00,2024-05-18T08:00:00+01:00,2024-05-19T10:00:00+01:00,4,2,,1,NOTIF,20,2024,5,normal
38,Promo groupe 1 2024-06-02,normal - groupe 1,2024-06-02 08:00:00+00:00,2024-06-04 02:00:00+00:00,48.0,644,539,4,161,False,50e3297e07905b58,False,2024-06-02T10:00:00+01:00,2024-06-01T08:00:00+01:00,2024-06-02T10:00:00+01:00,4,1,,1,PROMO,22,2024,6,normal
39,Notif groupe 1 2024-06-16,saison - groupe 1,2024-06-16 08:00:00+00:00,2024-06-18 02:00:00+00:00,48.0,1424,1298,2,356,False,f68595d1f74d1ab9,False,2024-06-16T10:00:00+01:00,2024-06-15T08:00:00+01:00,2024-06-16T10:00:00+01:00,4,2,,1,NOTIF,24,2024,6,normal
40,Promo groupe 1 2024-06-30,normal - groupe 1,2024-06-30 08:00:00+00:00,2024-07-02 02:00:00+00:00,48.0,552,516,4,138,False,0f703b42cc1bf02a,False,2024-06-30T10:00:00+01:00,2024-06-29T08:00:00+01:00,2024-06-30T10:00:00+01:00,4,1,,1,PROMO,26,2024,6,normal
41,Notif groupe 1 2024-07-14,normal - groupe 1,2024-07-14 08:00:00+00:00,2024-07-16 02:00:00+00:00,48.0,258,189,4,129,False,d007546a272b926b,False,2024-07-14T10:00:00+01:00,2024-07-13T08:00:00+01:00,2024-07-14T10:00:00+01:00,4,2,,1,NOTIF,28,2024,7,normal
42,Promo groupe 1 2024-07-28,normal - groupe 1,2024-07-28 08:00:00+00:00,2024-07-30 02:00:00+00:00,48.0,966,791,1,322,False,a46d2773db342470,False,2024-07-28T10:00:00+01:00,2024-07-27T08:00:00+01:00,2024-07-28T10:00:00+01:00,4,1,,1,PROMO,30,2024,7,normal
43,Notif groupe 1 2024-08-11,normal - groupe 1,2024-08-11 08:00:00+00:00,2024-08-13 02:00:00+00:00,48.0,1520,1439,3,380,False,e494836e5809157b,False,2024-08-11T10:00:00+01:00,2024-08-10T08:00:00+01:00,2024-08-11T10:00:00+01:00,4,2,,1,NOTIF,32,2024,8,normal
44,Promo groupe 1 2024-08-25,normal - groupe 1,2024-08-25 08:00:00+00:00,2024-08-27 02:00:00+00:00,48.0,1220,1028,4,305,False,7e74fbef62e9c7ea,False,2024-08-25T10:00:00+01:00,2024-08-24T08:00:00+01:00,2024-08-25T10:00:00+01:00,4,1,,1,PROMO,34,2024,8,normal
45,Notif groupe 1 2024-09-08,saison - groupe 1,2024-09-08 08:00:00+00:00,2024-09-10 02:00:00+00:00,48.0,375,351,3,125,False,abf06c4108cc15e2,False,2024-09-08T10:00:00+01:00,2024-09-07T08:00:00+01:00,2024-09-08T10:00:00+01:00,4,2,,1,NOTIF,36,2024,9,normal
46,Promo groupe 1 2024-09-22,normal - groupe 1,2024-09-22 08:00:00+00:00,2024-09-24 02:00:00+00:00,48.0,506,466,1,253,False,1498993310e347fd,False,2024-09-22T10:00:00+01:00,2024-09-21T08:00:00+01:00,2024-09-22T10:00:00+01:00,4,1,,1,PROMO,38,2024,9,normal
47,Notif groupe 1 2024-10-06,normal - groupe 1,2024-10-06 08:00:00+00:00,2024-10-08 02:00:00+00:00,48.0,340,291,4,170,False,0bb420f6535a34aa,False,2024-10-06T10:00:00+01:00,2024-10-05T08:00:00+01:00,2024-10-06T10:00:00+01:00,4,2,,1,NOTIF,40,2024,10,normal
48,Promo groupe 1 2024-10-20,normal - groupe 1,2024-10-20 08:00:00+00:00,2024-10-22 02:00:00+00:00,48.0,312,295,2,156,False,0ff2173fb806586a,False,2024-10-20T10:00:00+01:00,2024-10-19T08:00:00+01:00,2024-10-20T10:00:00+01:00,4,1,,1,PROMO,42,2024,10,normal
49,Notif groupe 1 2024-11-03,normal - groupe 1,2024-11-03 08:00:00+00:00,2024-11-05 02:00:00+00:00,48.0,732,642,1,244,False,e16f0ecc24660ab5,False,2024-11-03T10:00:00+01:00,2024-11-02T08:00:00+01:00,2024-11-03T10:00:00+01:00,4,2,,1,NOTIF,44,2024,11,normal
50,Promo groupe 1 2024-11-17,normal - groupe 1,2024-11-17 08:00:00+00:00,2024-11-19 02:00:00+00:00,48.0,1044,987,4,261,False,13d197a3975418cc,False,2024-11-17T10:00:00+01:00,2024-11-16T08:00:00+01:00,2024-11-17T10:00:00+01:00,4,1,,1,PROMO,46,2024,11,normal
51,Notif groupe 1 2024-12-01,normal - groupe 1,2024-12-01 08:00:00+00:00,2024-12-03 02:00:00+00:00,48.0,352,324,4,88,False,9ab2f471cf2df8d6,False,2024-12-01T10:00:00+01:00,2024-11-30T08:00:00+01:00,2024-12-01T10:00:00+01:00,4,2,,1,NOTIF,48,2024,12,normal
52,Promo groupe 1 2024-12-15,normal - groupe 1,2024-12-15 08:00:00+00:00,2024-12-17 02:00:00+00:00,48.0,498,454,2,166,False,ef76fb3de892923e,False,2024-12-15T10:00:00+01:00,2024-12-14T08:00:00+01:00,2024-12-15T10:00:00+01:00,4,1,,1,PROMO,50,2024,12,normal
53,Notif groupe 1 2024-12-29,saison - groupe 1,2024-12-29 08:00:00+00:00,2024-12-31 02:00:00+00:00,48.0,1947,1840,1,649,False,a675e56465d28330,False,2024-12-29T10:00:00+01:00,2024-12-28T08:00:00+01:00,2024-12-29T10:00:00+01:00,4,2,,1,NOTIF,52,2024,12,normal
54,Promo groupe 1 2025-01-12,normal - groupe 1,2025-01-12 08:00:00+00:00,2025-01-14 02:00:00+00:00,48.0,990,917,1,330,False,5ff346bfb4d016b7,False,2025-01-12T10:00:00+01:00,2025-01-11T08:00:00+01:00,2025-01-12T10:00:00+01:00,4,1,,1,PROMO,2,2025,1,normal
55,Notif groupe 1 2025-01-26,normal - groupe 1,2025-01-26 08:00:00+00:00,2025-01-28 02:00:00+00:00,48.0,808,627,4,202,False,74dea61b261b6683,False,2025-01-26T10:00:00+01:00,2025-01-25T08:00:00+01:00,2025-01-26T10:00:00+01:00,4,2,,1,NOTIF,4,2025,1,normal
56,Promo groupe 1 2025-02-09,normal - groupe 1,2025-02-09 08:00:00+00:00,2025-02-11 02:00:00+00:00,48.0,903,641,4,301,False,714b28537b7dc148,False,2025-02-09T10:00:00+01:00,2025-02-08T08:00:00+01:00,2025-02-09T10:00:00+01:00,4,1,,1,PROMO,6,2025,2,normal
57,Notif groupe 1 2025-02-23,normal - groupe 1,2025-02-23 08:00:00+00:00,2025-02-25 02:00:00+00:00,48.0,363,304,2,121,False,4c33ab8c4f8e53d2,False,2025-02-23T10:00:00+01:00,2025-02-22T08:00:00+01:00,2025-02-23T10:00:00+01:00,4,2,,1,NOTIF,8,2025,2,normal
58,Promo groupe 1 2025-03-09,normal - groupe 1,2025-03-09 08:00:00+00:00,2025-03-11 02:00:00+00:00,48.0,798,705,1,399,False,9ce00f781c17c318,False,2025-03-09T10:00:00+01:00,2025-03-08T08:00:00+01:00,2025-03-09T10:00:00+01:00,4,1,,1,PROMO,10,2025,3,normal
59,Notif groupe 1 2025-03-23,saison - groupe 1,2025-03-23 08:00:00+00:00,2025-03-25 02:00:00+00:00,48.0,1263,947,4,421,False,6d924c5f2840e722,False,2025-03-23T10:00:00+01:00,2025-03-22T08:00:00+01:00,2025-03-23T10:00:00+01:00,4,2,,1,NOTIF,12,2025,3,normal
60,Promo groupe 1 2025-04-06,saison - groupe 1,2025-04-06 08:00:00+00:00,2025-04-08 02:00:00+00:00,48.0,1806,1280,3,602,False,dd662bacff84a113,False,2025-04-06T10:00:00+01:00,2025-04-05T08:00:00+01:00,2025-04-06T10:00:00+01:00,4,1,,1,PROMO,14,2025,4,normal
61,Notif groupe 1 2025-04-20,saison - groupe 1,2025-04-20 08:00:00+00:00,2025-04-22 02:00:00+00:00,48.0,1794,1420,4,598,False,ab295f9947dbd230,False,2025-04-20T10:00:00+01:00,2025-04-19T08:00:00+01:00,2025-04-20T10:00:00+01:00,4,2,,1,NOTIF,16,2025,4,normal
62,Promo groupe 1 2025-05-04,normal - groupe 1,2025-05-04 08:00:00+00:00,2025-05-06 02:00:00+00:00,48.0,1152,904,3,288,False,e2dd2ab8d8f58612,False,2025-05-04T10:00:00+01:00,2025-05-03T08:00:00+01:00,2025-05-04T10:00:00+01:00,4,1,,1,PROMO,18,2025,5,normal
63,Notif groupe 1 2025-05-18,normal - groupe 1,2025-05-18 08:00:00+00:00,2025-05-20 02:00:00+00:00,48.0,852,637,3,213,False,e0876ef333f3d624,False,2025-05-18T10:00:00+01:00,2025-05-17T08:00:00+01:00,2025-05-18T10:00:00+01:00,4,2,,1,NOTIF,20,2025,5,normal
64,Promo groupe 1 2025-06-01,normal - groupe 1,2025-06-01 08:00:00+00:00,2025-06-03 02:00:00+00:00,48.0,432,401,1,216,False,3769961d81b3ebaa,False,2025-06-01T10:00:00+01:00,2025-05-31T08:00:00+01:00,2025-06-01T10:00:00+01:00,4,1,,1,PROMO,22,2025,6,normal
65,Notif groupe 1 2025-06-15,saison - groupe 1,2025-06-15 08:00:00+00:00,2025-06-17 02:00:00+00:00,48.0,1552,1433,1,388,False,9b68466792d29b24,False,2025-06-15T10:00:00+01:00,2025-06-14T08:00:00+01:00,2025-06-15T10:00:00+01:00,4,2,,1,NOTIF,24,2025,6,normal
66,Promo groupe 1 2025-06-29,normal - groupe 1,2025-06-29 08:00:00+00:00,2025-07-01 02:00:00+00:00,48.0,290,220,2,145,False,34bd1ac658c97e22,False,2025-06-29T10:00:00+01:00,2025-06-28T08:00:00+01:00,2025-06-29T10:00:00+01:00,4,1,,1,PROMO,26,2025,6,normal
67,Notif groupe 1 2025-07-13,normal - groupe 1,2025-07-13 08:00:00+00:00,2025-07-15 02:00:00+00:00,48.0,542,400,2,271,False,af64470b4a363d8d,False,2025-07-13T10:00:00+01:00,2025-07-12T08:00:00+01:00,2025-07-13T10:00:00+01:00,4,2,,1,NOTIF,28,2025,7,normal
68,Promo groupe 1 2025-07-27,normal - groupe 1,2025-07-27 08:00:00+00:00,2025-07-29 02:00:00+00:00,48.0,248,174,1,124,False,7214b00c3d67449d,False,2025-07-27T10:00:00+01:00,2025-07-26T08:00:00+01:00,2025-07-27T10:00:00+01:00,4,1,,1,PROMO,30,2025,7,normal
69,Notif groupe 1 2025-08-10,normal - groupe 1,2025-08-10 08:00:00+00:00,2025-08-12 02:00:00+00:00,48.0,1016,729,4,254,False,af721f8ad767381c,False,2025-08-10T10:00:00+01:00,2025-08-09T08:00:00+01:00,2025-08-10T10:00:00+01:00,4,2,,1,NOTIF,32,2025,8,normal
70,Promo groupe 1 2025-08-24,normal - groupe 1,2025-08-24 08:00:00+00:00,2025-08-26 02:00:00+00:00,48.0,996,723,1,249,False,f110915eac182667,False,2025-08-24T10:00:00+01:00,2025-08-23T08:00:00+01:00,2025-08-24T10:00:00+01:00,4,1,,1,PROMO,34,2025,8,normal
71,Notif groupe 1 2025-09-07,saison - groupe 1,2025-09-07 08:00:00+00:00,2025-09-09 02:00:00+00:00,48.0,604,443,1,151,False,2bb038b02381dfa6,False,2025-09-07T10:00:00+01:00,2025-09-06T08:00:00+01:00,2025-09-07T10:00:00+01:00,4,2,,1,NOTIF,36,2025,9,normal
72,Promo groupe 1 2025-09-21,normal - groupe 1,2025-09-21 08:00:00+00:00,2025-09-23 02:00:00+00:00,48.0,350,307,1,175,False,cd8d3d72ec2f4ebd,False,2025-09-21T10:00:00+01:00,2025-09-20T08:00:00+01:00,2025-09-21T10:00:00+01:00,4,1,,1,PROMO,38,2025,9,normal
73,Notif groupe 1 2025-10-05,normal - groupe 1,2025-10-05 08:00:00+00:00,2025-10-07 02:00:00+00:00,48.0,243,218,2,81,False,ffab0e36e0d8fe8b,False,2025-10-05T10:00:00+01:00,2025-10-04T08:00:00+01:00,2025-10-05T10:00:00+01:00,4,2,,1,NOTIF,40,2025,10,normal
74,Promo groupe 1 2025-10-19,normal - groupe 1,2025-10-19 08:00:00+00:00,2025-10-21 02:00:00+00:00,48.0,374,328,4,187,False,a03dc4283ba10cfd,False,2025-10-19T10:00:00+01:00,2025-10-18T08:00:00+01:00,2025-10-19T10:00:00+01:00,4,1,,1,PROMO,42,2025,10,normal
75,Notif groupe 1 2025-11-02,normal - groupe 1,2025-11-02 08:00:00+00:00,2025-11-04 02:00:00+00:00,48.0,976,812,4,244,False,6b9ad5f5c2aef472,False,2025-11-02T10:00:00+01:00,2025-11-01T08:00:00+01:00,2025-11-02T10:00:00+01:00,4,2,,1,NOTIF,44,2025,11,normal
76,Promo groupe 1 2025-11-16,normal - groupe 1,2025-11-16 08:00:00+00:00,2025-11-18 02:00:00+00:00,48.0,724,685,2,181,False,1046ccdd2b8830d4,False,2025-11-16T10:00:00+01:00,2025-11-15T08:00:00+01:00,2025-11-16T10:00:00+01:00,4,1,,1,PROMO,46,2025,11,normal
77,Notif groupe 1 2025-11-30,normal - groupe 1,2025-11-30 08:00:00+00:00,2025-12-02 02:00:00+00:00,48.0,960,847,1,320,False,2ec7a72a83b6219f,False,2025-11-30T10:00:00+01:00,2025-11-29T08:00:00+01:00,2025-11-30T10:00:00+01:00,4,2,,1,NOTIF,48,2025,11,normal
78,Promo groupe 1 2025-12-14,normal - groupe 1,2025-12-14 08:00:00+00:00,2025-12-16 02:00:00+00:00,48.0,612,506,1,306,False,e8b0111a7c753ff1,False,2025-12-14T10:00:00+01:00,2025-12-13T08:00:00+01:00,2025-12-14T10:00:00+01:00,4,1,,1,PROMO,50,2025,12,normal
79,Notif groupe 1 2025-12-28,saison - groupe 1,2025-12-28 08:00:00+00:00,2025-12-30 02:00:00+00:00,48.0,646,494,2,323,False,79d3c10b736cac7f,False,2025-12-28T10:00:00+01:00,2025-12-27T08:00:00+01:00,2025-12-28T10:00:00+01:00,4,2,,1,NOTIF,52,2025,12,normal
80,Promo groupe 1 2026-01-11,normal - groupe 1,2026-01-11 08:00:00+00:00,2026-01-13 02:00:00+00:00,48.0,572,509,2,143,False,33ff8ae3a7c0036d,False,2026-01-11T10:00:00+01:00,2026-01-10T08:00:00+01:00,2026-01-11T10:00:00+01:00,4,1,,1,PROMO,2,2026,1,normal
81,Notif groupe 1 2026-01-25,normal - groupe 1,2026-01-25 08:00:00+00:00,2026-01-27 02:00:00+00:00,48.0,525,466,2,175,False,f7e4523b635014ec,False,2026-01-25T10:00:00+01:00,2026-01-24T08:00:00+01:00,2026-01-25T10:00:00+01:00,4,2,,1,NOTIF,4,2026,1,normal
82,Promo groupe 1 2026-02-08,normal - groupe 1,2026-02-08 08:00:00+00:00,2026-02-10 02:00:00+00:00,48.0,489,419,3,163,False,a331ae22868b85f7,False,2026-02-08T10:00:00+01:00,2026-02-07T08:00:00+01:00,2026-02-08T10:00:00+01:00,4,1,,1,PROMO,6,2026,2,normal
83,Notif groupe 1 2026-02-22,normal - groupe 1,2026-02-22 08:00:00+00:00,2026-02-24 02:00:00+00:00,48.0,1161,959,3,387,False,4ed1bb5dfc53e3cc,False,2026-02-22T10:00:00+01:00,2026-02-21T08:00:00+01:00,2026-02-22T10:00:00+01:00,4,2,,1,NOTIF,8,2026,2,normal
84,Promo groupe 1 2026-03-08,normal - groupe 1,2026-03-08 08:00:00+00:00,2026-03-10 02:00:00+00:00,48.0,573,437,3,191,False,e363db98becc1560,False,2026-03-08T10:00:00+01:00,2026-03-07T08:00:00+01:00,2026-03-08T10:00:00+01:00,4,1,,1,PROMO,10,2026,3,normal
85,Notif groupe 1 2026-03-22,saison - groupe 1,2026-03-22 08:00:00+00:00,2026-03-24 02:00:00+00:00,48.0,1460,1024,3,365,False,8fc643971538e945,False,2026-03-22T10:00:00+01:00,2026-03-21T08:00:00+01:00,2026-03-22T10:00:00+01:00,4,2,,1,NOTIF,12,2026,3,normal
86,Promo groupe 1 2026-04-05,saison - groupe 1,2026-04-05 08:00:00+00:00,2026-04-07 02:00:00+00:00,48.0,984,704,1,492,False,08fc83b4691c754c,False,2026-04-05T10:00:00+01:00,2026-04-04T08:00:00+01:00,2026-04-05T10:00:00+01:00,4,1,,1,PROMO,14,2026,4,normal
87,Notif groupe 1 2026-04-19,saison - groupe 1,2026-04-19 08:00:00+00:00,2026-04-21 02:00:00+00:00,48.0,2190,2027,1,730,False,e09df261416fdc08,False,2026-04-19T10:00:00+01:00,2026-04-18T08:00:00+01:00,2026-04-19T10:00:00+01:00,4,2,,1,NOTIF,16,2026,4,normal
88,Promo groupe 2 2023-01-01,saison - groupe 2,2023-01-01 08:00:00+00:00,2023-01-03 02:00:00+00:00,48.0,1785,1285,4,595,False,03658c2ed90372b5,False,2023-01-01T10:00:00+01:00,2022-12-31T08:00:00+01:00,2023-01-01T10:00:00+01:00,4,3,,2,PROMO,52,2023,1,normal
89,Notif groupe 2 2023-01-31,normal - groupe 2,2023-01-31 08:00:00+00:00,2023-02-02 02:00:00+00:00,48.0,344,298,3,86,False,f18fe6d14c240695,False,2023-01-31T10:00:00+01:00,2023-01-30T08:00:00+01:00,2023-01-31T10:00:00+01:00,4,4,,2,NOTIF,5,2023,1,normal
90,Promo groupe 2 2023-03-02,normal - groupe 2,2023-03-02 08:00:00+00:00,2023-03-04 02:00:00+00:00,48.0,1143,999,1,381,False,151e76d39bff53e1,False,2023-03-02T10:00:00+01:00,2023-03-01T08:00:00+01:00,2023-03-02T10:00:00+01:00,4,3,,2,PROMO,9,2023,3,normal
91,Notif groupe 2 2023-04-01,saison - groupe 2,2023-04-01 08:00:00+00:00,2023-04-03 02:00:00+00:00,48.0,2448,2158,3,816,False,83dcd5507fdf186c,False,2023-04-01T10:00:00+01:00,2023-03-31T08:00:00+01:00,2023-04-01T10:00:00+01:00,4,4,,2,NOTIF,13,2023,4,normal
92,Promo groupe 2 2023-05-01,saison - groupe 2,2023-05-01 08:00:00+00:00,2023-05-03 02:00:00+00:00,48.0,1581,1400,4,527,False,8bdb3191a93da83d,False,2023-05-01T10:00:00+01:00,2023-04-30T08:00:00+01:00,2023-05-01T10:00:00+01:00,4,3,,2,PROMO,18,2023,5,normal
93,Notif groupe 2 2023-05-31,normal - groupe 2,2023-05-31 08:00:00+00:00,2023-06-02 02:00:00+00:00,48.0,807,625,4,269,False,10f1129e565414fd,False,2023-05-31T10:00:00+01:00,2023-05-30T08:00:00+01:00,2023-05-31T10:00:00+01:00,4,4,,2,NOTIF,22,2023,5,normal
94,Promo groupe 2 2023-06-30,normal - groupe 2,2023-06-30 08:00:00+00:00,2023-07-02 02:00:00+00:00,48.0,960,911,2,240,False,4ba54ce531da84db,False,2023-06-30T10:00:00+01:00,2023-06-29T08:00:00+01:00,2023-06-30T10:00:00+01:00,4,3,,2,PROMO,26,2023,6,normal
95,Notif groupe 2 2023-07-30,normal - groupe 2,2023-07-30 08:00:00+00:00,2023-08-01 02:00:00+00:00,48.0,784,582,3,196,False,a68301fc7b10c484,False,2023-07-30T10:00:00+01:00,2023-07-29T08:00:00+01:00,2023-07-30T10:00:00+01:00,4,4,,2,NOTIF,30,2023,7,normal
96,Promo groupe 2 2023-08-29,normal - groupe 2,2023-08-29 08:00:00+00:00,2023-08-31 02:00:00+00:00,48.0,867,797,3,289,False,6a99bd89a9012830,False,2023-08-29T10:00:00+01:00,2023-08-28T08:00:00+01:00,2023-08-29T10:00:00+01:00,4,3,,2,PROMO,35,2023,8,normal
97,Notif groupe 2 2023-09-28,normal - groupe 2,2023-09-28 08:00:00+00:00,2023-09-30 02:00:00+00:00,48.0,858,786,4,286,False,a62178c799f06fd0,False,2023-09-28T10:00:00+01:00,2023-09-27T08:00:00+01:00,2023-09-28T10:00:00+01:00,4,4,,2,NOTIF,39,2023,9,normal
98,Promo groupe 2 2023-10-28,normal - groupe 2,2023-10-28 08:00:00+00:00,2023-10-30 02:00:00+00:00,48.0,622,457,4,311,False,d89af2016a9cd455,False,2023-10-28T10:00:00+01:00,2023-10-27T08:00:00+01:00,2023-10-28T10:00:00+01:00,4,3,,2,PROMO,43,2023,10,normal
99,Notif groupe 2 2023-11-27,normal - groupe 2,2023-11-27 08:00:00+00:00,2023-11-29 02:00:00+00:00,48.0,588,539,3,294,False,7fdaf21abc1895be,False,2023-11-27T10:00:00+01:00,2023-11-26T08:00:00+01:00,2023-11-27T10:00:00+01:00,4,4,,2,NOTIF,48,2023,11,normal
100,Promo groupe 2 2023-12-27,saison - groupe 2,2023-12-27 08:00:00+00:00,2023-12-29 02:00:00+00:00,48.0,2088,1539,3,522,False,6f8cd4e4052f6245,False,2023-12-27T10:00:00+01:00,2023-12-26T08:00:00+01:00,2023-12-27T10:00:00+01:00,4,3,,2,PROMO,52,2023,12,normal
101,Notif groupe 2 2024-01-26,normal - groupe 2,2024-01-26 08:00:00+00:00,2024-01-28 02:00:00+00:00,48.0,261,234,2,87,False,ebfe9ce6a1e7f98d,False,2024-01-26T10:00:00+01:00,2024-01-25T08:00:00+01:00,2024-01-26T10:00:00+01:00,4,4,,2,NOTIF,4,2024,1,normal
102,Promo groupe 2 2024-02-25,normal - groupe 2,2024-02-25 08:00:00+00:00,2024-02-27 02:00:00+00:00,48.0,628,588,2,157,False,55ad91ca31a73b71,False,2024-02-25T10:00:00+01:00,2024-02-24T08:00:00+01:00,2024-02-25T10:00:00+01:00,4,3,,2,PROMO,8,2024,2,normal
103,Notif groupe 2 2024-03-26,saison - groupe 2,2024-03-26 08:00:00+00:00,2024-03-28 02:00:00+00:00,48.0,460,366,2,230,False,1d85c99cb0f40832,False,2024-03-26T10:00:00+01:00,2024-03-25T08:00:00+01:00,2024-03-26T10:00:00+01:00,4,4,,2,NOTIF,13,2024,3,normal
104,Promo groupe 2 2024-04-25,saison - groupe 2,2024-04-25 08:00:00+00:00,2024-04-27 02:00:00+00:00,48.0,1437,1076,4,479,False,768872bdde3694ef,False,2024-04-25T10:00:00+01:00,2024-04-24T08:00:00+01:00,2024-04-25T10:00:00+01:00,4,3,,2,PROMO,17,2024,4,normal
105,Notif groupe 2 2024-05-25,normal - groupe 2,2024-05-25 08:00:00+00:00,2024-05-27 02:00:00+00:00,48.0,560,434,3,280,False,661ac02fbe430390,False,2024-05-25T10:00:00+01:00,2024-05-24T08:00:00+01:00,2024-05-25T10:00:00+01:00,4,4,,2,NOTIF,21,2024,5,normal
106,Promo groupe 2 2024-06-24,normal - groupe 2,2024-06-24 08:00:00+00:00,2024-06-26 02:00:00+00:00,48.0,392,322,4,196,False,6cb0d3d37bebd169,False,2024-06-24T10:00:00+01:00,2024-06-23T08:00:00+01:00,2024-06-24T10:00:00+01:00,4,3,,2,PROMO,26,2024,6,normal
107,Notif groupe 2 2024-07-24,normal - groupe 2,2024-07-24 08:00:00+00:00,2024-07-26 02:00:00+00:00,48.0,903,845,2,301,False,0d3f0e1cc3e79819,False,2024-07-24T10:00:00+01:00,2024-07-23T08:00:00+01:00,2024-07-24T10:00:00+01:00,4,4,,2,NOTIF,30,2024,7,normal
108,Promo groupe 2 2024-08-23,normal - groupe 2,2024-08-23 08:00:00+00:00,2024-08-25 02:00:00+00:00,48.0,1316,940,1,329,False,7d63905dc090a7df,False,2024-08-23T10:00:00+01:00,2024-08-22T08:00:00+01:00,2024-08-23T10:00:00+01:00,4,3,,2,PROMO,34,2024,8,normal
109,Notif groupe 2 2024-09-22,normal - groupe 2,2024-09-22 08:00:00+00:00,2024-09-24 02:00:00+00:00,48.0,342,299,3,114,False,465947034588bea5,False,2024-09-22T10:00:00+01:00,2024-09-21T08:00:00+01:00,2024-09-22T10:00:00+01:00,4,4,,2,NOTIF,38,2024,9,normal
110,Promo groupe 2 2024-10-22,normal - groupe 2,2024-10-22 08:00:00+00:00,2024-10-24 02:00:00+00:00,48.0,304,252,4,152,False,3d73951234374e31,False,2024-10-22T10:00:00+01:00,2024-10-21T08:00:00+01:00,2024-10-22T10:00:00+01:00,4,3,,2,PROMO,43,2024,10,normal
111,Notif groupe 2 2024-11-21,normal - groupe 2,2024-11-21 08:00:00+00:00,2024-11-23 02:00:00+00:00,48.0,570,468,3,190,False,e77e3cb3cdb1aea4,False,2024-11-21T10:00:00+01:00,2024-11-20T08:00:00+01:00,2024-11-21T10:00:00+01:00,4,4,,2,NOTIF,47,2024,11,normal
112,Promo groupe 2 2024-12-21,normal - groupe 2,2024-12-21 08:00:00+00:00,2024-12-23 02:00:00+00:00,48.0,483,414,4,161,False,003173c0094445c5,False,2024-12-21T10:00:00+01:00,2024-12-20T08:00:00+01:00,2024-12-21T10:00:00+01:00,4,3,,2,PROMO,51,2024,12,normal
113,Notif groupe 2 2025-01-20,normal - groupe 2,2025-01-20 08:00:00+00:00,2025-01-22 02:00:00+00:00,48.0,786,667,3,393,False,069004140b11425e,False,2025-01-20T10:00:00+01:00,2025-01-19T08:00:00+01:00,2025-01-20T10:00:00+01:00,4,4,,2,NOTIF,4,2025,1,normal
114,Promo groupe 2 2025-02-19,normal - groupe 2,2025-02-19 08:00:00+00:00,2025-02-21 02:00:00+00:00,48.0,1016,806,2,254,False,b6280105bc25438c,False,2025-02-19T10:00:00+01:00,2025-02-18T08:00:00+01:00,2025-02-19T10:00:00+01:00,4,3,,2,PROMO,8,2025,2,normal
115,Notif groupe 2 2025-03-21,saison - groupe 2,2025-03-21 08:00:00+00:00,2025-03-23 02:00:00+00:00,48.0,1936,1824,1,484,False,0a4f6271ec75eff1,False,2025-03-21T10:00:00+01:00,2025-03-20T08:00:00+01:00,2025-03-21T10:00:00+01:00,4,4,,2,NOTIF,12,2025,3,normal
116,Promo groupe 2 2025-04-20,saison - groupe 2,2025-04-20 08:00:00+00:00,2025-04-22 02:00:00+00:00,48.0,585,463,2,195,False,f64820cc4f42c6dd,False,2025-04-20T10:00:00+01:00,2025-04-19T08:00:00+01:00,2025-04-20T10:00:00+01:00,4,3,,2,PROMO,16,2025,4,normal
117,Notif groupe 2 2025-05-20,normal - groupe 2,2025-05-20 08:00:00+00:00,2025-05-22 02:00:00+00:00,48.0,561,489,3,187,False,679f930727c05576,False,2025-05-20T10:00:00+01:00,2025-05-19T08:00:00+01:00,2025-05-20T10:00:00+01:00,4,4,,2,NOTIF,21,2025,5,normal
118,Promo groupe 2 2025-06-19,saison - groupe 2,2025-06-19 08:00:00+00:00,2025-06-21 02:00:00+00:00,48.0,1548,1298,3,516,False,e61ce84127e7633b,False,2025-06-19T10:00:00+01:00,2025-06-18T08:00:00+01:00,2025-06-19T10:00:00+01:00,4,3,,2,PROMO,25,2025,6,normal
119,Notif groupe 2 2025-07-19,normal - groupe 2,2025-07-19 08:00:00+00:00,2025-07-21 02:00:00+00:00,48.0,358,337,2,179,False,5eedb1d6fd2a49a5,False,2025-07-19T10:00:00+01:00,2025-07-18T08:00:00+01:00,2025-07-19T10:00:00+01:00,4,4,,2,NOTIF,29,2025,7,normal
120,Promo groupe 2 2025-08-18,normal - groupe 2,2025-08-18 08:00:00+00:00,2025-08-20 02:00:00+00:00,48.0,1532,1163,2,383,False,cbe12d571fc14f41,False,2025-08-18T10:00:00+01:00,2025-08-17T08:00:00+01:00,2025-08-18T10:00:00+01:00,4,3,,2,PROMO,34,2025,8,normal
121,Notif groupe 2 2025-09-17,normal - groupe 2,2025-09-17 08:00:00+00:00,2025-09-19 02:00:00+00:00,48.0,1320,1079,1,330,False,36c67207bd2135d1,False,2025-09-17T10:00:00+01:00,2025-09-16T08:00:00+01:00,2025-09-17T10:00:00+01:00,4,4,,2,NOTIF,38,2025,9,normal
122,Promo groupe 2 2025-10-17,normal - groupe 2,2025-10-17 08:00:00+00:00,2025-10-19 02:00:00+00:00,48.0,960,883,4,240,False,37a791b4be97ade8,False,2025-10-17T10:00:00+01:00,2025-10-16T08:00:00+01:00,2025-10-17T10:00:00+01:00,4,3,,2,PROMO,42,2025,10,normal
123,Notif groupe 2 2025-11-16,normal - groupe 2,2025-11-16 08:00:00+00:00,2025-11-18 02:00:00+00:00,48.0,620,483,4,155,False,2d79b0f34b5492ae,False,2025-11-16T10:00:00+01:00,2025-11-15T08:00:00+01:00,2025-11-16T10:00:00+01:00,4,4,,2,NOTIF,46,2025,11,normal
124,Promo groupe 2 2025-12-16,normal - groupe 2,2025-12-16 08:00:00+00:00,2025-12-18 02:00:00+00:00,48.0,1264,1169,3,316,False,b5d498a60af0c8f3,False,2025-12-16T10:00:00+01:00,2025-12-15T08:00:00+01:00,2025-12-16T10:00:00+01:00,4,3,,2,PROMO,51,2025,12,normal
125,Notif groupe 2 2026-01-15,normal - groupe 2,2026-01-15 08:00:00+00:00,2026-01-17 02:00:00+00:00,48.0,342,272,2,114,False,017db2ab2697fae4,False,2026-01-15T10:00:00+01:00,2026-01-14T08:00:00+01:00,2026-01-15T10:00:00+01:00,4,4,,2,NOTIF,3,2026,1,normal
126,Promo groupe 2 2026-02-14,normal - groupe 2,2026-02-14 08:00:00+00:00,2026-02-16 02:00:00+00:00,48.0,884,650,1,221,False,1e2a4523772e3c91,False,2026-02-14T10:00:00+01:00,2026-02-13T08:00:00+01:00,2026-02-14T10:00:00+01:00,4,3,,2,PROMO,7,2026,2,normal
127,Notif groupe 2 2026-03-16,saison - groupe 2,2026-03-16 08:00:00+00:00,2026-03-18 02:00:00+00:00,48.0,1158,875,1,579,False,a6e8a24a33603c6a,False,2026-03-16T10:00:00+01:00,2026-03-15T08:00:00+01:00,2026-03-16T10:00:00+01:00,4,4,,2,NOTIF,12,2026,3,normal
128,Promo groupe 2 2026-04-15,saison - groupe 2,2026-04-15 08:00:00+00:00,2026-04-17 02:00:00+00:00,48.0,1629,1476,4,543,False,bb1e086773bbc30b,False,2026-04-15T10:00:00+01:00,2026-04-14T08:00:00+01:00,2026-04-15T10:00:00+01:00,4,3,,2,PROMO,16,2026,4,normal
129,Notif groupe 3 2023-01-01,saison - groupe 3,2023-01-01 08:00:00+00:00,2023-01-03 02:00:00+00:00,48.0,1100,985,3,550,False,a3b46a641ac99396,False,2023-01-01T10:00:00+01:00,2022-12-31T08:00:00+01:00,2023-01-01T10:00:00+01:00,4,6,,3,NOTIF,52,2023,1,normal
130,Promo groupe 3 2023-02-15,normal - groupe 3,2023-02-15 08:00:00+00:00,2023-02-17 02:00:00+00:00,48.0,984,837,2,328,False,72fe150f99c548f5,False,2023-02-15T10:00:00+01:00,2023-02-14T08:00:00+01:00,2023-02-15T10:00:00+01:00,4,5,,3,PROMO,7,2023,2,normal
131,Notif groupe 3 2023-04-01,saison - groupe 3,2023-04-01 08:00:00+00:00,2023-04-03 02:00:00+00:00,48.0,1548,1317,3,387,False,a0b6e2c7890d99c7,False,2023-04-01T10:00:00+01:00,2023-03-31T08:00:00+01:00,2023-04-01T10:00:00+01:00,4,6,,3,NOTIF,13,2023,4,normal
132,Promo groupe 3 2023-05-16,normal - groupe 3,2023-05-16 08:00:00+00:00,2023-05-18 02:00:00+00:00,48.0,444,409,3,111,False,64237d25bb2db116,False,2023-05-16T10:00:00+01:00,2023-05-15T08:00:00+01:00,2023-05-16T10:00:00+01:00,4,5,,3,PROMO,20,2023,5,normal
133,Notif groupe 3 2023-06-30,normal - groupe 3,2023-06-30 08:00:00+00:00,2023-07-02 02:00:00+00:00,48.0,621,500,1,207,False,604e5fcf050cc0da,False,2023-06-30T10:00:00+01:00,2023-06-29T08:00:00+01:00,2023-06-30T10:00:00+01:00,4,6,,3,NOTIF,26,2023,6,normal
134,Promo groupe 3 2023-08-14,normal - groupe 3,2023-08-14 08:00:00+00:00,2023-08-16 02:00:00+00:00,48.0,696,522,3,232,False,de14ba5ee58a14aa,False,2023-08-14T10:00:00+01:00,2023-08-13T08:00:00+01:00,2023-08-14T10:00:00+01:00,4,5,,3,PROMO,33,2023,8,normal
135,Notif groupe 3 2023-09-28,normal - groupe 3,2023-09-28 08:00:00+00:00,2023-09-30 02:00:00+00:00,48.0,184,158,4,92,False,8b8b3639ef00938e,False,2023-09-28T10:00:00+01:00,2023-09-27T08:00:00+01:00,2023-09-28T10:00:00+01:00,4,6,,3,NOTIF,39,2023,9,normal
136,Promo groupe 3 2023-11-12,normal - groupe 3,2023-11-12 08:00:00+00:00,2023-11-14 02:00:00+00:00,48.0,360,293,2,120,False,201fdc4cc0245230,False,2023-11-12T10:00:00+01:00,2023-11-11T08:00:00+01:00,2023-11-12T10:00:00+01:00,4,5,,3,PROMO,45,2023,11,normal
137,Notif groupe 3 2023-12-27,saison - groupe 3,2023-12-27 08:00:00+00:00,2023-12-29 02:00:00+00:00,48.0,2340,1861,2,585,False,22dcaa78ce9ee756,False,2023-12-27T10:00:00+01:00,2023-12-26T08:00:00+01:00,2023-12-27T10:00:00+01:00,4,6,,3,NOTIF,52,2023,12,normal
138,Promo groupe 3 2024-02-10,normal - groupe 3,2024-02-10 08:00:00+00:00,2024-02-12 02:00:00+00:00,48.0,1152,1024,1,384,False,415012a843be57d4,False,2024-02-10T10:00:00+01:00,2024-02-09T08:00:00+01:00,2024-02-10T10:00:00+01:00,4,5,,3,PROMO,6,2024,2,normal
139,Notif groupe 3 2024-03-26,saison - groupe 3,2024-03-26 08:00:00+00:00,2024-03-28 02:00:00+00:00,48.0,1188,913,4,396,False,80208c1543e86fb7,False,2024-03-26T10:00:00+01:00,2024-03-25T08:00:00+01:00,2024-03-26T10:00:00+01:00,4,6,,3,NOTIF,13,2024,3,normal
140,Promo groupe 3 2024-05-10,normal - groupe 3,2024-05-10 08:00:00+00:00,2024-05-12 02:00:00+00:00,48.0,450,380,3,225,False,b9b871827d171158,False,2024-05-10T10:00:00+01:00,2024-05-09T08:00:00+01:00,2024-05-10T10:00:00+01:00,4,5,,3,PROMO,19,2024,5,normal
141,Notif groupe 3 2024-06-24,normal - groupe 3,2024-06-24 08:00:00+00:00,2024-06-26 02:00:00+00:00,48.0,176,125,3,88,False,685a4e635f1e4ba8,False,2024-06-24T10:00:00+01:00,2024-06-23T08:00:00+01:00,2024-06-24T10:00:00+01:00,4,6,,3,NOTIF,26,2024,6,normal
142,Promo groupe 3 2024-08-08,normal - groupe 3,2024-08-08 08:00:00+00:00,2024-08-10 02:00:00+00:00,48.0,1086,860,3,362,False,a02f94d81dead653,False,2024-08-08T10:00:00+01:00,2024-08-07T08:00:00+01:00,2024-08-08T10:00:00+01:00,4,5,,3,PROMO,32,2024,8,normal
143,Notif groupe 3 2024-09-22,normal - groupe 3,2024-09-22 08:00:00+00:00,2024-09-24 02:00:00+00:00,48.0,1088,768,4,272,False,a1c397e0100a5a71,False,2024-09-22T10:00:00+01:00,2024-09-21T08:00:00+01:00,2024-09-22T10:00:00+01:00,4,6,,3,NOTIF,38,2024,9,normal
144,Promo groupe 3 2024-11-06,normal - groupe 3,2024-11-06 08:00:00+00:00,2024-11-08 02:00:00+00:00,48.0,735,547,1,245,False,802a9f83756aaecb,False,2024-11-06T10:00:00+01:00,2024-11-05T08:00:00+01:00,2024-11-06T10:00:00+01:00,4,5,,3,PROMO,45,2024,11,normal
145,Notif groupe 3 2024-12-21,normal - groupe 3,2024-12-21 08:00:00+00:00,2024-12-23 02:00:00+00:00,48.0,672,565,1,224,False,2e6e0ce5e19c30ef,False,2024-12-21T10:00:00+01:00,2024-12-20T08:00:00+01:00,2024-12-21T10:00:00+01:00,4,6,,3,NOTIF,51,2024,12,normal
146,Promo groupe 3 2025-02-04,normal - groupe 3,2025-02-04 08:00:00+00:00,2025-02-06 02:00:00+00:00,48.0,682,600,2,341,False,4b1d100eef4bbea9,False,2025-02-04T10:00:00+01:00,2025-02-03T08:00:00+01:00,2025-02-04T10:00:00+01:00,4,5,,3,PROMO,6,2025,2,normal
147,Notif groupe 3 2025-03-21,saison - groupe 3,2025-03-21 08:00:00+00:00,2025-03-23 02:00:00+00:00,48.0,1202,1119,2,601,False,8ae54bbff35b977e,False,2025-03-21T10:00:00+01:00,2025-03-20T08:00:00+01:00,2025-03-21T10:00:00+01:00,4,6,,3,NOTIF,12,2025,3,normal
148,Promo groupe 3 2025-05-05,normal - groupe 3,2025-05-05 08:00:00+00:00,2025-05-07 02:00:00+00:00,48.0,314,260,2,157,False,f30469d2c824e856,False,2025-05-05T10:00:00+01:00,2025-05-04T08:00:00+01:00,2025-05-05T10:00:00+01:00,4,5,,3,PROMO,19,2025,5,normal
149,Notif groupe 3 2025-06-19,saison - groupe 3,2025-06-19 08:00:00+00:00,2025-06-21 02:00:00+00:00,48.0,609,574,3,203,False,fc119cbf18f53c94,False,2025-06-19T10:00:00+01:00,2025-06-18T08:00:00+01:00,2025-06-19T10:00:00+01:00,4,6,,3,NOTIF,25,2025,6,normal
150,Promo groupe 3 2025-08-03,normal - groupe 3,2025-08-03 08:00:00+00:00,2025-08-05 02:00:00+00:00,48.0,363,285,1,121,False,5652f09027cf8039,False,2025-08-03T10:00:00+01:00,2025-08-02T08:00:00+01:00,2025-08-03T10:00:00+01:00,4,5,,3,PROMO,31,2025,8,normal
151,Notif groupe 3 2025-09-17,normal - groupe 3,2025-09-17 08:00:00+00:00,2025-09-19 02:00:00+00:00,48.0,996,832,4,332,False,7c13a70d7afb22e4,False,2025-09-17T10:00:00+01:00,2025-09-16T08:00:00+01:00,2025-09-17T10:00:00+01:00,4,6,,3,NOTIF,38,2025,9,normal
152,Promo groupe 3 2025-11-01,normal - groupe 3,2025-11-01 08:00:00+00:00,2025-11-03 02:00:00+00:00,48.0,1128,833,1,282,False,8535ae3250324d1e,False,2025-11-01T10:00:00+01:00,2025-10-31T08:00:00+01:00,2025-11-01T10:00:00+01:00,4,5,,3,PROMO,44,2025,11,normal
153,Notif groupe 3 2025-12-16,normal - groupe 3,2025-12-16 08:00:00+00:00,2025-12-18 02:00:00+00:00,48.0,558,412,3,186,False,7c65251c61a0faef,False,2025-12-16T10:00:00+01:00,2025-12-15T08:00:00+01:00,2025-12-16T10:00:00+01:00,4,6,,3,NOTIF,51,2025,12,normal
154,Promo groupe 3 2026-01-30,normal - groupe 3,2026-01-30 08:00:00+00:00,2026-02-01 02:00:00+00:00,48.0,392,279,1,196,False,57b609b8ba58cec1,False,2026-01-30T10:00:00+01:00,2026-01-29T08:00:00+01:00,2026-01-30T10:00:00+01:00,4,5,,3,PROMO,5,2026,1,normal
155,Notif groupe 3 2026-03-16,saison - groupe 3,2026-03-16 08:00:00+00:00,2026-03-18 02:00:00+00:00,48.0,760,692,2,190,False,54cb4b134edc11cf,False,2026-03-16T10:00:00+01:00,2026-03-15T08:00:00+01:00,2026-03-16T10:00:00+01:00,4,6,,3,NOTIF,12,2026,3,normal
156,Promo groupe 4 2023-01-01,saison - groupe 4,2023-01-01 08:00:00+00:00,2023-01-03 02:00:00+00:00,48.0,974,692,2,487,False,e1722027850608b9,False,2023-01-01T10:00:00+01:00,2022-12-31T08:00:00+01:00,2023-01-01T10:00:00+01:00,4,7,,4,PROMO,52,2023,1,normal
157,Notif groupe 4 2023-01-19,normal - groupe 4,2023-01-19 08:00:00+00:00,2023-01-21 02:00:00+00:00,48.0,316,260,3,158,False,5f4819c857cb0b63,False,2023-01-19T10:00:00+01:00,2023-01-18T08:00:00+01:00,2023-01-19T10:00:00+01:00,4,8,,4,NOTIF,3,2023,1,normal
158,Promo groupe 4 2023-02-06,normal - groupe 4,2023-02-06 08:00:00+00:00,2023-02-08 02:00:00+00:00,48.0,1112,964,1,278,False,83b8acc50bb94d4f,False,2023-02-06T10:00:00+01:00,2023-02-05T08:00:00+01:00,2023-02-06T10:00:00+01:00,4,7,,4,PROMO,6,2023,2,normal
159,Notif groupe 4 2023-02-24,normal - groupe 4,2023-02-24 08:00:00+00:00,2023-02-26 02:00:00+00:00,48.0,1023,841,4,341,False,36c431f8dc4d05c5,False,2023-02-24T10:00:00+01:00,2023-02-23T08:00:00+01:00,2023-02-24T10:00:00+01:00,4,8,,4,NOTIF,8,2023,2,normal
160,Promo groupe 4 2023-03-14,saison - groupe 4,2023-03-14 08:00:00+00:00,2023-03-16 02:00:00+00:00,48.0,1298,921,1,649,False,4bd23ef79638a2e8,False,2023-03-14T10:00:00+01:00,2023-03-13T08:00:00+01:00,2023-03-14T10:00:00+01:00,4,7,,4,PROMO,11,2023,3,normal
161,Notif groupe 4 2023-04-01,saison - groupe 4,2023-04-01 08:00:00+00:00,2023-04-03 02:00:00+00:00,48.0,818,691,1,409,False,eb4c034b983e7fbd,False,2023-04-01T10:00:00+01:00,2023-03-31T08:00:00+01:00,2023-04-01T10:00:00+01:00,4,8,,4,NOTIF,13,2023,4,normal
162,Promo groupe 4 2023-04-19,saison - groupe 4,2023-04-19 08:00:00+00:00,2023-04-21 02:00:00+00:00,48.0,2268,1633,3,567,False,86874cc4c4838c38,False,2023-04-19T10:00:00+01:00,2023-04-18T08:00:00+01:00,2023-04-19T10:00:00+01:00,4,7,,4,PROMO,16,2023,4,normal
163,Notif groupe 4 2023-05-07,normal - groupe 4,2023-05-07 08:00:00+00:00,2023-05-09 02:00:00+00:00,48.0,680,543,2,340,False,75ab25b73709bef9,False,2023-05-07T10:00:00+01:00,2023-05-06T08:00:00+01:00,2023-05-07T10:00:00+01:00,4,8,,4,NOTIF,18,2023,5,normal
164,Promo groupe 4 2023-05-25,normal - groupe 4,2023-05-25 08:00:00+00:00,2023-05-27 02:00:00+00:00,48.0,708,657,3,354,False,a2049c584622456f,False,2023-05-25T10:00:00+01:00,2023-05-24T08:00:00+01:00,2023-05-25T10:00:00+01:00,4,7,,4,PROMO,21,2023,5,normal
165,Notif groupe 4 2023-06-12,normal - groupe 4,2023-06-12 08:00:00+00:00,2023-06-14 02:00:00+00:00,48.0,864,685,4,216,False,8f411573a79f0c53,False,2023-06-12T10:00:00+01:00,2023-06-11T08:00:00+01:00,2023-06-12T10:00:00+01:00,4,8,,4,NOTIF,24,2023,6,normal
166,Promo groupe 4 2023-06-30,normal - groupe 4,2023-06-30 08:00:00+00:00,2023-07-02 02:00:00+00:00,48.0,322,286,3,161,False,4d0ff3899720e9f5,False,2023-06-30T10:00:00+01:00,2023-06-29T08:00:00+01:00,2023-06-30T10:00:00+01:00,4,7,,4,PROMO,26,2023,6,normal
167,Notif groupe 4 2023-07-18,normal - groupe 4,2023-07-18 08:00:00+00:00,2023-07-20 02:00:00+00:00,48.0,502,392,3,251,False,7992261590120d16,False,2023-07-18T10:00:00+01:00,2023-07-17T08:00:00+01:00,2023-07-18T10:00:00+01:00,4,8,,4,NOTIF,29,2023,7,normal
168,Promo groupe 4 2023-08-05,normal - groupe 4,2023-08-05 08:00:00+00:00,2023-08-07 02:00:00+00:00,48.0,562,484,4,281,False,d138197001ffc34b,False,2023-08-05T10:00:00+01:00,2023-08-04T08:00:00+01:00,2023-08-05T10:00:00+01:00,4,7,,4,PROMO,31,2023,8,normal
169,Notif groupe 4 2023-08-23,normal - groupe 4,2023-08-23 08:00:00+00:00,2023-08-25 02:00:00+00:00,48.0,282,239,4,94,False,1dc2d2fdfafa23fa,False,2023-08-23T10:00:00+01:00,2023-08-22T08:00:00+01:00,2023-08-23T10:00:00+01:00,4,8,,4,NOTIF,34,2023,8,normal
170,Promo groupe 4 2023-09-10,saison - groupe 4,2023-09-10 08:00:00+00:00,2023-09-12 02:00:00+00:00,48.0,514,374,4,257,False,7ef92880e58a9fce,False,2023-09-10T10:00:00+01:00,2023-09-09T08:00:00+01:00,2023-09-10T10:00:00+01:00,4,7,,4,PROMO,36,2023,9,normal
171,Notif groupe 4 2023-09-28,normal - groupe 4,2023-09-28 08:00:00+00:00,2023-09-30 02:00:00+00:00,48.0,536,500,2,134,False,08e3b18fd32aff40,False,2023-09-28T10:00:00+01:00,2023-09-27T08:00:00+01:00,2023-09-28T10:00:00+01:00,4,8,,4,NOTIF,39,2023,9,normal
172,Promo groupe 4 2023-10-16,normal - groupe 4,2023-10-16 08:00:00+00:00,2023-10-18 02:00:00+00:00,48.0,728,643,3,182,False,498f26d28344adb0,False,2023-10-16T10:00:00+01:00,2023-10-15T08:00:00+01:00,2023-10-16T10:00:00+01:00,4,7,,4,PROMO,42,2023,10,normal
173,Notif groupe 4 2023-11-03,normal - groupe 4,2023-11-03 08:00:00+00:00,2023-11-05 02:00:00+00:00,48.0,756,683,3,189,False,0b1b4ba894d2ed8a,False,2023-11-03T10:00:00+01:00,2023-11-02T08:00:00+01:00,2023-11-03T10:00:00+01:00,4,8,,4,NOTIF,44,2023,11,normal
174,Promo groupe 4 2023-11-21,normal - groupe 4,2023-11-21 08:00:00+00:00,2023-11-23 02:00:00+00:00,48.0,634,546,2,317,False,6ce114590b95fb19,False,2023-11-21T10:00:00+01:00,2023-11-20T08:00:00+01:00,2023-11-21T10:00:00+01:00,4,7,,4,PROMO,47,2023,11,normal
175,Notif groupe 4 2023-12-09,normal - groupe 4,2023-12-09 08:00:00+00:00,2023-12-11 02:00:00+00:00,48.0,1110,837,1,370,False,93019d6609e5264d,False,2023-12-09T10:00:00+01:00,2023-12-08T08:00:00+01:00,2023-12-09T10:00:00+01:00,4,8,,4,NOTIF,49,2023,12,normal
176,Promo groupe 4 2023-12-27,saison - groupe 4,2023-12-27 08:00:00+00:00,2023-12-29 02:00:00+00:00,48.0,904,681,2,452,False,584d8126e5c6ec62,False,2023-12-27T10:00:00+01:00,2023-12-26T08:00:00+01:00,2023-12-27T10:00:00+01:00,4,7,,4,PROMO,52,2023,12,normal
177,Notif groupe 4 2024-01-14,normal - groupe 4,2024-01-14 08:00:00+00:00,2024-01-16 02:00:00+00:00,48.0,500,412,4,250,False,dff17acef3f24f26,False,2024-01-14T10:00:00+01:00,2024-01-13T08:00:00+01:00,2024-01-14T10:00:00+01:00,4,8,,4,NOTIF,2,2024,1,normal
178,Promo groupe 4 2024-02-01,normal - groupe 4,2024-02-01 08:00:00+00:00,2024-02-03 02:00:00+00:00,48.0,741,701,2,247,False,f2ef50dc9f2f338d,False,2024-02-01T10:00:00+01:00,2024-01-31T08:00:00+01:00,2024-02-01T10:00:00+01:00,4,7,,4,PROMO,5,2024,2,normal
179,Notif groupe 4 2024-02-19,normal - groupe 4,2024-02-19 08:00:00+00:00,2024-02-21 02:00:00+00:00,48.0,993,834,3,331,False,8dabc07c69b4121c,False,2024-02-19T10:00:00+01:00,2024-02-18T08:00:00+01:00,2024-02-19T10:00:00+01:00,4,8,,4,NOTIF,8,2024,2,normal
180,Promo groupe 4 2024-03-08,normal - groupe 4,2024-03-08 08:00:00+00:00,2024-03-10 02:00:00+00:00,48.0,414,353,1,207,False,ebdb7bd89f0b023c,False,2024-03-08T10:00:00+01:00,2024-03-07T08:00:00+01:00,2024-03-08T10:00:00+01:00,4,7,,4,PROMO,10,2024,3,normal
181,Notif groupe 4 2024-03-26,saison - groupe 4,2024-03-26 08:00:00+00:00,2024-03-28 02:00:00+00:00,48.0,684,487,1,171,False,39a0cff49e4f6c59,False,2024-03-26T10:00:00+01:00,2024-03-25T08:00:00+01:00,2024-03-26T10:00:00+01:00,4,8,,4,NOTIF,13,2024,3,normal
182,Promo groupe 4 2024-04-13,saison - groupe 4,2024-04-13 08:00:00+00:00,2024-04-15 02:00:00+00:00,48.0,968,751,4,484,False,346c05bc62da29f3,False,2024-04-13T10:00:00+01:00,2024-04-12T08:00:00+01:00,2024-04-13T10:00:00+01:00,4,7,,4,PROMO,15,2024,4,normal
183,Notif groupe 4 2024-05-01,saison - groupe 4,2024-05-01 08:00:00+00:00,2024-05-03 02:00:00+00:00,48.0,1258,911,3,629,False,443bc089044df1e0,False,2024-05-01T10:00:00+01:00,2024-04-30T08:00:00+01:00,2024-05-01T10:00:00+01:00,4,8,,4,NOTIF,18,2024,5,normal
184,Promo groupe 4 2024-05-19,normal - groupe 4,2024-05-19 08:00:00+00:00,2024-05-21 02:00:00+00:00,48.0,760,568,4,190,False,15956c9bc9b46eb8,False,2024-05-19T10:00:00+01:00,2024-05-18T08:00:00+01:00,2024-05-19T10:00:00+01:00,4,7,,4,PROMO,20,2024,5,normal
185,Notif groupe 4 2024-06-06,normal - groupe 4,2024-06-06 08:00:00+00:00,2024-06-08 02:00:00+00:00,48.0,540,415,1,270,False,ef6c77139060b83e,False,2024-06-06T10:00:00+01:00,2024-06-05T08:00:00+01:00,2024-06-06T10:00:00+01:00,4,8,,4,NOTIF,23,2024,6,normal
186,Promo groupe 4 2024-06-24,normal - groupe 4,2024-06-24 08:00:00+00:00,2024-06-26 02:00:00+00:00,48.0,464,429,3,232,False,c1ef4a314841c14e,False,2024-06-24T10:00:00+01:00,2024-06-23T08:00:00+01:00,2024-06-24T10:00:00+01:00,4,7,,4,PROMO,26,2024,6,normal
187,Notif groupe 4 2024-07-12,normal - groupe 4,2024-07-12 08:00:00+00:00,2024-07-14 02:00:00+00:00,48.0,456,371,2,152,False,a54efaaa7a303c8d,False,2024-07-12T10:00:00+01:00,2024-07-11T08:00:00+01:00,2024-07-12T10:00:00+01:00,4,8,,4,NOTIF,28,2024,7,normal
188,Promo groupe 4 2024-07-30,normal - groupe 4,2024-07-30 08:00:00+00:00,2024-08-01 02:00:00+00:00,48.0,564,499,1,141,False,5e63c0c3dfeea8f5,False,2024-07-30T10:00:00+01:00,2024-07-29T08:00:00+01:00,2024-07-30T10:00:00+01:00,4,7,,4,PROMO,31,2024,7,normal
189,Notif groupe 4 2024-08-17,normal - groupe 4,2024-08-17 08:00:00+00:00,2024-08-19 02:00:00+00:00,48.0,646,454,1,323,False,16fc45e5ab7ce416,False,2024-08-17T10:00:00+01:00,2024-08-16T08:00:00+01:00,2024-08-17T10:00:00+01:00,4,8,,4,NOTIF,33,2024,8,normal
190,Promo groupe 4 2024-09-04,saison - groupe 4,2024-09-04 08:00:00+00:00,2024-09-06 02:00:00+00:00,48.0,840,770,3,280,False,76000ef3620d417d,False,2024-09-04T10:00:00+01:00,2024-09-03T08:00:00+01:00,2024-09-04T10:00:00+01:00,4,7,,4,PROMO,36,2024,9,normal
191,Notif groupe 4 2024-09-22,normal - groupe 4,2024-09-22 08:00:00+00:00,2024-09-24 02:00:00+00:00,48.0,436,381,4,218,False,de136d6d5a9e8c8a,False,2024-09-22T10:00:00+01:00,2024-09-21T08:00:00+01:00,2024-09-22T10:00:00+01:00,4,8,,4,NOTIF,38,2024,9,normal
192,Promo groupe 4 2024-10-10,normal - groupe 4,2024-10-10 08:00:00+00:00,2024-10-12 02:00:00+00:00,48.0,448,391,2,112,False,752563e144d07453,False,2024-10-10T10:00:00+01:00,2024-10-09T08:00:00+01:00,2024-10-10T10:00:00+01:00,4,7,,4,PROMO,41,2024,10,normal
193,Notif groupe 4 2024-10-28,normal - groupe 4,2024-10-28 08:00:00+00:00,2024-10-30 02:00:00+00:00,48.0,339,294,1,113,False,139e8bb5d1e01957,False,2024-10-28T10:00:00+01:00,2024-10-27T08:00:00+01:00,2024-10-28T10:00:00+01:00,4,8,,4,NOTIF,44,2024,10,normal
194,Promo groupe 4 2024-11-15,normal - groupe 4,2024-11-15 08:00:00+00:00,2024-11-17 02:00:00+00:00,48.0,297,240,4,99,False,25f3f37ebd84821b,False,2024-11-15T10:00:00+01:00,2024-11-14T08:00:00+01:00,2024-11-15T10:00:00+01:00,4,7,,4,PROMO,46,2024,11,normal
195,Notif groupe 4 2024-12-03,normal - groupe 4,2024-12-03 08:00:00+00:00,2024-12-05 02:00:00+00:00,48.0,582,548,1,291,False,32deef2d16d23eec,False,2024-12-03T10:00:00+01:00,2024-12-02T08:00:00+01:00,2024-12-03T10:00:00+01:00,4,8,,4,NOTIF,49,2024,12,normal
196,Promo groupe 4 2024-12-21,normal - groupe 4,2024-12-21 08:00:00+00:00,2024-12-23 02:00:00+00:00,48.0,336,294,4,112,False,59ffc3165cfb6e34,False,2024-12-21T10:00:00+01:00,2024-12-20T08:00:00+01:00,2024-12-21T10:00:00+01:00,4,7,,4,PROMO,51,2024,12,normal
197,Notif groupe 4 2025-01-08,normal - groupe 4,2025-01-08 08:00:00+00:00,2025-01-10 02:00:00+00:00,48.0,549,387,3,183,False,b66e9aac792b281a,False,2025-01-08T10:00:00+01:00,2025-01-07T08:00:00+01:00,2025-01-08T10:00:00+01:00,4,8,,4,NOTIF,2,2025,1,normal
198,Promo groupe 4 2025-01-26,normal - groupe 4,2025-01-26 08:00:00+00:00,2025-01-28 02:00:00+00:00,48.0,352,307,1,176,False,3f22f1c927f40b3a,False,2025-01-26T10:00:00+01:00,2025-01-25T08:00:00+01:00,2025-01-26T10:00:00+01:00,4,7,,4,PROMO,4,2025,1,normal
199,Notif groupe 4 2025-02-13,normal - groupe 4,2025-02-13 08:00:00+00:00,2025-02-15 02:00:00+00:00,48.0,408,370,4,102,False,26dbfe12c76aaad5,False,2025-02-13T10:00:00+01:00,2025-02-12T08:00:00+01:00,2025-02-13T10:00:00+01:00,4,8,,4,NOTIF,7,2025,2,normal
200,Promo groupe 4 2025-03-03,normal - groupe 4,2025-03-03 08:00:00+00:00,2025-03-05 02:00:00+00:00,48.0,1464,1203,2,366,False,5ba46d5616fd128c,False,2025-03-03T10:00:00+01:00,2025-03-02T08:00:00+01:00,2025-03-03T10:00:00+01:00,4,7,,4,PROMO,10,2025,3,normal
201,Notif groupe 4 2025-03-21,saison - groupe 4,2025-03-21 08:00:00+00:00,2025-03-23 02:00:00+00:00,48.0,561,443,3,187,False,6b59764a5b32e4fe,False,2025-03-21T10:00:00+01:00,2025-03-20T08:00:00+01:00,2025-03-21T10:00:00+01:00,4,8,,4,NOTIF,12,2025,3,normal
202,Promo groupe 4 2025-04-08,saison - groupe 4,2025-04-08 08:00:00+00:00,2025-04-10 02:00:00+00:00,48.0,2064,1725,3,688,False,8ccac4f610df3ec2,False,2025-04-08T10:00:00+01:00,2025-04-07T08:00:00+01:00,2025-04-08T10:00:00+01:00,4,7,,4,PROMO,15,2025,4,normal
203,Notif groupe 4 2025-04-26,normal - groupe 4,2025-04-26 08:00:00+00:00,2025-04-28 02:00:00+00:00,48.0,1080,904,2,270,False,d9033f50467d8f9e,False,2025-04-26T10:00:00+01:00,2025-04-25T08:00:00+01:00,2025-04-26T10:00:00+01:00,4,8,,4,NOTIF,17,2025,4,normal
204,Promo groupe 4 2025-05-14,normal - groupe 4,2025-05-14 08:00:00+00:00,2025-05-16 02:00:00+00:00,48.0,976,839,4,244,False,b5a9808def3d8f13,False,2025-05-14T10:00:00+01:00,2025-05-13T08:00:00+01:00,2025-05-14T10:00:00+01:00,4,7,,4,PROMO,20,2025,5,normal
205,Notif groupe 4 2025-06-01,normal - groupe 4,2025-06-01 08:00:00+00:00,2025-06-03 02:00:00+00:00,48.0,676,541,4,169,False,754cca116539cc59,False,2025-06-01T10:00:00+01:00,2025-05-31T08:00:00+01:00,2025-06-01T10:00:00+01:00,4,8,,4,NOTIF,22,2025,6,normal
206,Promo groupe 4 2025-06-19,saison - groupe 4,2025-06-19 08:00:00+00:00,2025-06-21 02:00:00+00:00,48.0,1233,908,4,411,False,4047fbf998aef682,False,2025-06-19T10:00:00+01:00,2025-06-18T08:00:00+01:00,2025-06-19T10:00:00+01:00,4,7,,4,PROMO,25,2025,6,normal
207,Notif groupe 4 2025-07-07,normal - groupe 4,2025-07-07 08:00:00+00:00,2025-07-09 02:00:00+00:00,48.0,1071,846,4,357,False,44c9a6bea103090f,False,2025-07-07T10:00:00+01:00,2025-07-06T08:00:00+01:00,2025-07-07T10:00:00+01:00,4,8,,4,NOTIF,28,2025,7,normal
208,Promo groupe 4 2025-07-25,normal - groupe 4,2025-07-25 08:00:00+00:00,2025-07-27 02:00:00+00:00,48.0,496,378,2,124,False,3e2939e870efc23d,False,2025-07-25T10:00:00+01:00,2025-07-24T08:00:00+01:00,2025-07-25T10:00:00+01:00,4,7,,4,PROMO,30,2025,7,normal
209,Notif groupe 4 2025-08-12,normal - groupe 4,2025-08-12 08:00:00+00:00,2025-08-14 02:00:00+00:00,48.0,750,646,4,250,False,ff80a43abf1aac91,False,2025-08-12T10:00:00+01:00,2025-08-11T08:00:00+01:00,2025-08-12T10:00:00+01:00,4,8,,4,NOTIF,33,2025,8,normal
210,Promo groupe 4 2025-08-30,normal - groupe 4,2025-08-30 08:00:00+00:00,2025-09-01 02:00:00+00:00,48.0,1424,1055,1,356,False,bebb37f0ba828034,False,2025-08-30T10:00:00+01:00,2025-08-29T08:00:00+01:00,2025-08-30T10:00:00+01:00,4,7,,4,PROMO,35,2025,8,normal
211,Notif groupe 4 2025-09-17,normal - groupe 4,2025-09-17 08:00:00+00:00,2025-09-19 02:00:00+00:00,48.0,1020,948,2,255,False,8a69c642c1d88856,False,2025-09-17T10:00:00+01:00,2025-09-16T08:00:00+01:00,2025-09-17T10:00:00+01:00,4,8,,4,NOTIF,38,2025,9,normal
212,Promo groupe 4 2025-10-05,normal - groupe 4,2025-10-05 08:00:00+00:00,2025-10-07 02:00:00+00:00,48.0,1158,966,2,386,False,c6eabbad1cb3963f,False,2025-10-05T10:00:00+01:00,2025-10-04T08:00:00+01:00,2025-10-05T10:00:00+01:00,4,7,,4,PROMO,40,2025,10,normal
213,Notif groupe 4 2025-10-23,normal - groupe 4,2025-10-23 08:00:00+00:00,2025-10-25 02:00:00+00:00,48.0,746,704,2,373,False,2356708b24077801,False,2025-10-23T10:00:00+01:00,2025-10-22T08:00:00+01:00,2025-10-23T10:00:00+01:00,4,8,,4,NOTIF,43,2025,10,normal
214,Promo groupe 4 2025-11-10,normal - groupe 4,2025-11-10 08:00:00+00:00,2025-11-12 02:00:00+00:00,48.0,564,510,1,282,False,1b7550716f26a4c4,False,2025-11-10T10:00:00+01:00,2025-11-09T08:00:00+01:00,2025-11-10T10:00:00+01:00,4,7,,4,PROMO,46,2025,11,normal
215,Notif groupe 4 2025-11-28,normal - groupe 4,2025-11-28 08:00:00+00:00,2025-11-30 02:00:00+00:00,48.0,1344,954,1,336,False,d1ee6a8f5b1dc6f7,False,2025-11-28T10:00:00+01:00,2025-11-27T08:00:00+01:00,2025-11-28T10:00:00+01:00,4,8,,4,NOTIF,48,2025,11,normal
216,Promo groupe 4 2025-12-16,normal - groupe 4,2025-12-16 08:00:00+00:00,2025-12-18 02:00:00+00:00,48.0,748,571,2,374,False,4996188c834e2f03,False,2025-12-16T10:00:00+01:00,2025-12-15T08:00:00+01:00,2025-12-16T10:00:00+01:00,4,7,,4,PROMO,51,2025,12,normal
217,Notif groupe 4 2026-01-03,saison - groupe 4,2026-01-03 08:00:00+00:00,2026-01-05 02:00:00+00:00,48.0,1176,1031,3,294,False,b06d10750079536d,False,2026-01-03T10:00:00+01:00,2026-01-02T08:00:00+01:00,2026-01-03T10:00:00+01:00,4,8,,4,NOTIF,1,2026,1,normal
218,Promo groupe 4 2026-01-21,normal - groupe 4,2026-01-21 08:00:00+00:00,2026-01-23 02:00:00+00:00,48.0,660,515,3,330,False,8481751ea90e4d3e,False,2026-01-21T10:00:00+01:00,2026-01-20T08:00:00+01:00,2026-01-21T10:00:00+01:00,4,7,,4,PROMO,4,2026,1,normal
219,Notif groupe 4 2026-02-08,normal - groupe 4,2026-02-08 08:00:00+00:00,2026-02-10 02:00:00+00:00,48.0,1080,897,4,360,False,1c2542102d2bd199,False,2026-02-08T10:00:00+01:00,2026-02-07T08:00:00+01:00,2026-02-08T10:00:00+01:00,4,8,,4,NOTIF,6,2026,2,normal
220,Promo groupe 4 2026-02-26,normal - groupe 4,2026-02-26 08:00:00+00:00,2026-02-28 02:00:00+00:00,48.0,768,605,4,192,False,b579bf08d48cd867,False,2026-02-26T10:00:00+01:00,2026-02-25T08:00:00+01:00,2026-02-26T10:00:00+01:00,4,7,,4,PROMO,9,2026,2,normal
221,Notif groupe 4 2026-03-16,saison - groupe 4,2026-03-16 08:00:00+00:00,2026-03-18 02:00:00+00:00,48.0,482,414,4,241,False,ddfb6e83db73345b,False,2026-03-16T10:00:00+01:00,2026-03-15T08:00:00+01:00,2026-03-16T10:00:00+01:00,4,8,,4,NOTIF,12,2026,3,normal
222,Promo groupe 4 2026-04-03,saison - groupe 4,2026-04-03 08:00:00+00:00,2026-04-05 02:00:00+00:00,48.0,1396,1289,2,349,False,fb666ab1c6693e07,False,2026-04-03T10:00:00+01:00,2026-04-02T08:00:00+01:00,2026-04-03T10:00:00+01:00,4,7,,4,PROMO,14,2026,4,normal
223,Notif groupe 4 2026-04-21,saison - groupe 4,2026-04-21 08:00:00+00:00,2026-04-23 02:00:00+00:00,48.0,704,633,4,176,False,efd2a768554ae29b,False,2026-04-21T10:00:00+01:00,2026-04-20T08:00:00+01:00,2026-04-21T10:00:00+01:00,4,8,,4,NOTIF,17,2026,4,normal
224,Promo groupe 5 2023-01-01,saison - groupe 5,2023-01-01 08:00:00+00:00,2023-01-03 02:00:00+00:00,48.0,458,400,3,229,False,81ae87165ffdaf55,False,2023-01-01T10:00:00+01:00,2022-12-31T08:00:00+01:00,2023-01-01T10:00:00+01:00,4,9,,5,PROMO,52,2023,1,normal
225,Notif groupe 5 2023-03-02,normal - groupe 5,2023-03-02 08:00:00+00:00,2023-03-04 02:00:00+00:00,48.0,609,472,2,203,False,a11a7daf410eadac,False,2023-03-02T10:00:00+01:00,2023-03-01T08:00:00+01:00,2023-03-02T10:00:00+01:00,4,10,,5,NOTIF,9,2023,3,normal
226,Promo groupe 5 2023-05-01,saison - groupe 5,2023-05-01 08:00:00+00:00,2023-05-03 02:00:00+00:00,48.0,2424,1755,2,606,False,b43775e40452e0da,False,2023-05-01T10:00:00+01:00,2023-04-30T08:00:00+01:00,2023-05-01T10:00:00+01:00,4,9,,5,PROMO,18,2023,5,normal
227,Notif groupe 5 2023-06-30,normal - groupe 5,2023-06-30 08:00:00+00:00,2023-07-02 02:00:00+00:00,48.0,184,130,1,92,False,63002d46fa74d43f,False,2023-06-30T10:00:00+01:00,2023-06-29T08:00:00+01:00,2023-06-30T10:00:00+01:00,4,10,,5,NOTIF,26,2023,6,normal
228,Promo groupe 5 2023-08-29,normal - groupe 5,2023-08-29 08:00:00+00:00,2023-08-31 02:00:00+00:00,48.0,372,337,1,186,False,b5b2cfbaa85c6e18,False,2023-08-29T10:00:00+01:00,2023-08-28T08:00:00+01:00,2023-08-29T10:00:00+01:00,4,9,,5,PROMO,35,2023,8,normal
229,Notif groupe 5 2023-10-28,normal - groupe 5,2023-10-28 08:00:00+00:00,2023-10-30 02:00:00+00:00,48.0,342,278,1,114,False,3d315370e3e6365b,False,2023-10-28T10:00:00+01:00,2023-10-27T08:00:00+01:00,2023-10-28T10:00:00+01:00,4,10,,5,NOTIF,43,2023,10,normal
230,Promo groupe 5 2023-12-27,saison - groupe 5,2023-12-27 08:00:00+00:00,2023-12-29 02:00:00+00:00,48.0,1686,1459,1,562,False,44af67512b5c1749,False,2023-12-27T10:00:00+01:00,2023-12-26T08:00:00+01:00,2023-12-27T10:00:00+01:00,4,9,,5,PROMO,52,2023,12,normal
231,Notif groupe 5 2024-02-25,normal - groupe 5,2024-02-25 08:00:00+00:00,2024-02-27 02:00:00+00:00,48.0,1155,907,3,385,False,f68640278f970331,False,2024-02-25T10:00:00+01:00,2024-02-24T08:00:00+01:00,2024-02-25T10:00:00+01:00,4,10,,5,NOTIF,8,2024,2,normal
232,Promo groupe 5 2024-04-25,saison - groupe 5,2024-04-25 08:00:00+00:00,2024-04-27 02:00:00+00:00,48.0,1227,990,4,409,False,14e13b484ff28399,False,2024-04-25T10:00:00+01:00,2024-04-24T08:00:00+01:00,2024-04-25T10:00:00+01:00,4,9,,5,PROMO,17,2024,4,normal
233,Notif groupe 5 2024-06-24,normal - groupe 5,2024-06-24 08:00:00+00:00,2024-06-26 02:00:00+00:00,48.0,1576,1119,4,394,False,be92342657bb0762,False,2024-06-24T10:00:00+01:00,2024-06-23T08:00:00+01:00,2024-06-24T10:00:00+01:00,4,10,,5,NOTIF,26,2024,6,normal
234,Promo groupe 5 2024-08-23,normal - groupe 5,2024-08-23 08:00:00+00:00,2024-08-25 02:00:00+00:00,48.0,288,224,1,96,False,7ecd35df312c4ef1,False,2024-08-23T10:00:00+01:00,2024-08-22T08:00:00+01:00,2024-08-23T10:00:00+01:00,4,9,,5,PROMO,34,2024,8,normal
235,Notif groupe 5 2024-10-22,normal - groupe 5,2024-10-22 08:00:00+00:00,2024-10-24 02:00:00+00:00,48.0,840,687,4,210,False,3fd1d2a2426cfabf,False,2024-10-22T10:00:00+01:00,2024-10-21T08:00:00+01:00,2024-10-22T10:00:00+01:00,4,10,,5,NOTIF,43,2024,10,normal
236,Promo groupe 5 2024-12-21,normal - groupe 5,2024-12-21 08:00:00+00:00,2024-12-23 02:00:00+00:00,48.0,710,572,3,355,False,5f91788d7cb1468c,False,2024-12-21T10:00:00+01:00,2024-12-20T08:00:00+01:00,2024-12-21T10:00:00+01:00,4,9,,5,PROMO,51,2024,12,normal
237,Notif groupe 5 2025-02-19,normal - groupe 5,2025-02-19 08:00:00+00:00,2025-02-21 02:00:00+00:00,48.0,662,526,4,331,False,ceb6378abb42682f,False,2025-02-19T10:00:00+01:00,2025-02-18T08:00:00+01:00,2025-02-19T10:00:00+01:00,4,10,,5,NOTIF,8,2025,2,normal
238,Promo groupe 5 2025-04-20,saison - groupe 5,2025-04-20 08:00:00+00:00,2025-04-22 02:00:00+00:00,48.0,816,622,1,272,False,7a0c78df24102f83,False,2025-04-20T10:00:00+01:00,2025-04-19T08:00:00+01:00,2025-04-20T10:00:00+01:00,4,9,,5,PROMO,16,2025,4,normal
239,Notif groupe 5 2025-06-19,saison - groupe 5,2025-06-19 08:00:00+00:00,2025-06-21 02:00:00+00:00,48.0,390,343,1,195,False,f4b3b7bf14cd62a7,False,2025-06-19T10:00:00+01:00,2025-06-18T08:00:00+01:00,2025-06-19T10:00:00+01:00,4,10,,5,NOTIF,25,2025,6,normal
240,Promo groupe 5 2025-08-18,normal - groupe 5,2025-08-18 08:00:00+00:00,2025-08-20 02:00:00+00:00,48.0,936,830,2,312,False,db95610ea45e5409,False,2025-08-18T10:00:00+01:00,2025-08-17T08:00:00+01:00,2025-08-18T10:00:00+01:00,4,9,,5,PROMO,34,2025,8,normal
241,Notif groupe 5 2025-10-17,normal - groupe 5,2025-10-17 08:00:00+00:00,2025-10-19 02:00:00+00:00,48.0,1167,826,3,389,False,3cf6289820e808d2,False,2025-10-17T10:00:00+01:00,2025-10-16T08:00:00+01:00,2025-10-17T10:00:00+01:00,4,10,,5,NOTIF,42,2025,10,normal
242,Promo groupe 5 2025-12-16,normal - groupe 5,2025-12-16 08:00:00+00:00,2025-12-18 02:00:00+00:00,48.0,1448,1322,2,362,False,9de183eb9af31ef9,False,2025-12-16T10:00:00+01:00,2025-12-15T08:00:00+01:00,2025-12-16T10:00:00+01:00,4,9,,5,PROMO,51,2025,12,normal
243,Notif groupe 5 2026-02-14,normal - groupe 5,2026-02-14 08:00:00+00:00,2026-02-16 02:00:00+00:00,,1182,855,2,394,False,0d24dc5a0cbda20e,False,2026-02-14T10:00:00+01:00,2026-02-13T08:00:00+01:00,2026-02-14T10:00:00+01:00,4,10,48.0,5,NOTIF,7,2026,2,normal
244,Promo groupe 5 2026-04-15,saison - groupe 5,2026-04-15 08:00:00+00:00,2026-04-17 02:00:00+00:00,48.0,3368,3015,4,842,False,547274b2fa8e900a,False,2026-04-15T10:00:00+01:00,2026-04-14T08:00:00+01:00,2026-04-15T10:00:00+01:00,4,9,,5,PROMO,16,2026,4,normal
